<?xml version="1.0" encoding="UTF-8"?>
<project-private xmlns="http://www.netbeans.org/ns/project-private/1">
    <editor-bookmarks xmlns="http://www.netbeans.org/ns/editor-bookmarks/2" lastBookmarkId="0"/>
    <open-files xmlns="http://www.netbeans.org/ns/projectui-open-files/2">
        <group>
            <file>file:/C:/Users/Daniel/Documents/Daniel%20Murran%20CA4%20OOP/src/ncirl/ie/OOPGUI2.java</file>
            <file>file:/C:/Users/Daniel/Documents/Daniel%20Murran%20CA4%20OOP/src/ncirl/ie/MathsSupport.java</file>
            <file>file:/C:/Users/Daniel/Documents/Daniel%20Murran%20CA4%20OOP/src/ncirl/ie/ScienceSupportApp.java</file>
            <file>file:/C:/Users/Daniel/Documents/Daniel%20Murran%20CA4%20OOP/src/ncirl/ie/ScienceSupport.java</file>
        </group>
    </open-files>
</project-private>
